,precision,recall,f1-score,support
negative,0.8073394495412844,0.3137254901960784,0.45186136071887034,3927.0
neutral,0.5169138832568563,0.8699712643678161,0.6485039159247608,5568.0
positive,0.7784030953218432,0.521319199057715,0.6244356659142212,4245.0
accuracy,0.6032751091703057,0.6032751091703057,0.6032751091703057,0.6032751091703057
macro avg,0.7008854760399946,0.5683386512072032,0.5749336475192841,13740.0
weighted avg,0.6807073988328983,0.6032751091703057,0.5848659948484672,13740.0
